{"cameraMode":{"drawMode":0,"name":"Shaded","section":"Shading Mode"},"sceneLighting":true,"audioPlay":false,"sceneViewState":{"showFog":true,"showMaterialUpdate":false,"showSkybox":true,"showFlares":true,"showImageEffects":true,"showParticleSystems":true},"in2DMode":false,"pivot":{"x":2.549999952316284,"y":1.6399999856948853,"z":-9.079999923706055},"rotation":{"x":-0.06619588285684586,"y":-0.044291310012340549,"z":0.002941146958619356,"w":-0.9968188405036926},"size":22.0,"orthographic":false}